{
  "img_size": 320,
  "strides": [
    8,
    16,
    32
  ],
  "grid_sizes": [
    40,
    20,
    10
  ],
  "anchors": [
    [
      21.176470588235293,
      43.39869281045752
    ],
    [
      30.070921985815605,
      67.89503070910106
    ],
    [
      32.0,
      32.0
    ]
  ]
}